﻿{"cameraMode":{"drawMode":0,"name":"Shaded","section":"Shading Mode"},"sceneLighting":false,"audioPlay":false,"sceneViewState":{"showFog":true,"showMaterialUpdate":true,"showSkybox":true,"showFlares":true,"showImageEffects":true,"showParticleSystems":true},"in2DMode":false,"pivot":{"x":0.7177290320396423,"y":1.082931637763977,"z":1.6422861814498902},"rotation":{"x":-0.18228499591350556,"y":0.00206379103474319,"z":-0.00037960216286592185,"w":-0.9832435250282288},"size":0.18483565747737885,"orthographic":false}